route_idx,route_name,svc,region_idx,region,sort_idx,carriers,port_rotation,frequency,duration,ships,updated_at
1,China-Japan 1 (CJ1) / China-Korea-Japan (CJ1) - China leg,CJ1,1,K/C/J,1,CK Line / Pancon,"Ningbo,Shanghai,Busan,Niigata,Toyama,Kanazawa,Ulsan,Busan,Kwangyang,Ningbo",7,14,"2 x 1,009 teu",
2,Korea-North China-Japan service (CKJ) - China leg,CKJ/CKJ1,2,K/C/J,1,KMTC,"Xingang,Dalian,Pohang,Busan,Naoetsu,Toyama,Niigata,Ulsan,Busan,Xingang",7,14,"2 x 1,005 teu",
3,New China Japan (NCJ) - China leg,NCJ,3,K/C/J,1,KMTC / Namsung ,"Busan,Ulsan,Kwangyang,Xingang,Qingdao,Busan,Shimizu,Onahama,Sendai,Kamaishi,Niigata,Sakaiminato,Busan",7,21,"3 x 1,049 teu",
4,New China Qingdao (NCQ) - China leg,NCQ,4,K/C/J,1,KMTC / Namsung,"Busan,Ulsan,Kwangyang,Qingdao,Dalian,Busan,Niigata,Akita,Tomakomai,Hachinohe,Sendai,Hitachinaka,Busan",7,35,"5 x 1,048 teu",
5,New Tohoku Pendulum (NTP) - China leg,NTP,5,K/C/J,1,Namsung / KMTC ,"Shanghai,Ningbo,Busan,Kawasaki,Hitachinaka,Sendai,Tomakomai,Ishikari,Sakata,Sakaiminato,Busan,Ulsan,Kwangyang,Shanghai",7,21,3 x 975 teu,
6,North China Korea (NCK) - China leg,NCK,6,K/C/J,1,Namsung / Dong Young ,"Busan,Incheon,Dalian,Yantai,Gunsan,Busan,Yokohama,Tokyo,Shimizu,Nagoya,Busan",7,14,"2 x 1,009 teu",
7,Trilateral Sea-highway PanStar Service (TSPS) - China leg,PAGE,7,K/C/J,1,Panstar,"Busan,Shidao,Busan,Tokyo,Nagoya,Busan",7,7,1 x 264 teu,
8,China-Japan 1 (CJ1) / China-Korea-Japan (CJ1) - Japan leg,CJ1,8,K/C/J,1,CK Line / Pancon,"Ningbo,Shanghai,Busan,Niigata,Toyama,Kanazawa,Ulsan,Busan,Kwangyang,Ningbo",7,14,"2 x 1,009 teu",
9,Korea-North China-Japan service (CKJ) - Japan leg,CKJ/CKJ1,9,K/C/J,1,KMTC,"Xingang,Dalian,Pohang,Busan,Naoetsu,Toyama,Niigata,Ulsan,Busan,Xingang",7,14,"2 x 1,005 teu",
10,New China Japan (NCJ) - Japan leg,NCJ,10,K/C/J,1,KMTC / Namsung ,"Busan,Ulsan,Kwangyang,Xingang,Qingdao,Busan,Shimizu,Onahama,Sendai,Kamaishi,Niigata,Sakaiminato,Busan",7,21,"3 x 1,049 teu",
11,New China Qingdao (NCQ) - Japan leg,NCQ,11,K/C/J,1,KMTC / Namsung,"Busan,Ulsan,Kwangyang,Qingdao,Dalian,Busan,Niigata,Akita,Tomakomai,Hachinohe,Sendai,Hitachinaka,Busan",7,35,"5 x 1,048 teu",
12,New Tohoku Pendulum (NTP) - Japan leg,NTP,12,K/C/J,1,Namsung / KMTC ,"Shanghai,Ningbo,Busan,Kawasaki,Hitachinaka,Sendai,Tomakomai,Ishikari,Sakata,Sakaiminato,Busan,Ulsan,Kwangyang,Shanghai",7,21,3 x 975 teu,
13,North China Korea (NCK) - Japan leg,NCK,13,K/C/J,1,Namsung / Dong Young ,"Busan,Incheon,Dalian,Yantai,Gunsan,Busan,Yokohama,Tokyo,Shimizu,Nagoya,Busan",7,14,"2 x 1,009 teu",
14,Trilateral Sea-highway PanStar Service (TSPS) - Japan leg,PAGE,14,K/C/J,1,Panstar,"Busan,Shidao,Busan,Tokyo,Nagoya,Busan",7,7,1 x 264 teu,
15,Wuhan-Japan service,WJP,15,K/C/J,1,Wuhan Xingang Datong,"Wuhan,Shanghai,Busan,Moji,Nagoya,Osaka,Kobe,Yangzhou,Tokyo,Yokohama,Busan,Nanjing,Wuhan (irregular rotations)",7,7,1 x 556 teu,
16,Japan Philippines service (JPH)) - Northbound,JPHN,16,K/C/J,1,ONE,"Busan,Nagoya,Yokkaichi,Shimizu,Tokyo,Yokohama,Osaka,Kobe,Busan,Manila,Busan",7,21,"3 x 2,616 teu",
17,Origami - Northbound,ORIGMR,17,K/C/J,1,MSC,"Tokyo,Yokohama,Yokkaichi,Nagoya,Busan,Cai Mep,Singapore,Kaohsiung,Busan,Tokyo",7,35,"5 x 4,578 teu",
18,Japan Philippines service (JPH)) - Southbound,JPHS,18,K/C/J,1,ONE,"Busan,Nagoya,Yokkaichi,Shimizu,Tokyo,Yokohama,Osaka,Kobe,Busan,Manila,Busan",7,21,"3 x 2,616 teu",
19,Origami - Southbound,ORIGAMI A,19,K/C/J,1,MSC,"Tokyo,Yokohama,Yokkaichi,Nagoya,Busan,Cai Mep,Singapore,Kaohsiung,Busan,Tokyo",7,35,"5 x 4,578 teu",
20,Asia Shuttle 4 (A04) / Bohai Shuttle 1 (BS1),A04,1,China,2,Maersk/Hapag-Lloyd,"Dalian,Xingang,Busan,Shanghai,Dalian",7,14,"2 x 4,928 teu",
21,Bohai Feeder X-Press 1 (BHF1),BH2,2,China,2,X-Press Feeders,"Busan,Xingang,Busan",7,7,"1 x 2,741 teu",
22,Bohai Feeder X-Press 2 (BHF2),BH3,3,China,2,X-Press Feeders,"Busan,Dalian,Busan",7,7,"1 x 2,474 teu",
23,Bohai-Seto Service 1 (BSS1),BSS1,4,China,2,Sinokor,"Kwangyang,Dalian,Xingang,Busan,Kwangyang",7,7,"1 x 1,118 teu",
24,Busan Nanjing Service (BNJ),BNJ,5,China,2,Dong Young Shg,"Nanjing,Zhangjiagang,Busan,Kwangyang,Nanjing",7,7,1 x 834 teu,
25,Busan Route (JW21),JWK,6,China,2,Tangshan Hede ,"Busan,Weifang,Tangshan,Busan",7,7,1 x 338 teu,
26,Busan Shanghai Ningbo service (BSN),BSN,7,China,2,Namsung Shipping,"Shanghai,Busan,Ulsan,Kwangyang,Ningbo,Shanghai",7,7,1 x 952 teu,
27,Busan Xingang Qingdao Service (BXQ),BXQ,8,China,2,Namsung Shipping,"Busan,Ulsan,Kwangyang,Xingang,Busan",7,7,"1 x 1,043 teu",
28,Busan-China service,RSL,9,China,2,Rong Shang Logistics,"Taicang,Qingdao,Incheon,Busan,Taicang",7,7,"1 x 1,113 teu",
29,Busan-Dalian-Weihai,,10,China,2,Doowoo,"Busan,Dalian,Weihai,Busan",7,7,1 x 718 teu,
30,Busan-Incheon-Shanghai Service (AK8),AK8,11,China,2,COSCO (Coheung),"Busan,Incheon,Shanghai,Busan",7,7,"1 x 1,432 teu",
31,Busan-Lianyungang-Qingdao Service (AK7),AK4,12,China,2,COSCO (Coheung),"Busan,Lianyungang,Qingdao,Busan",7,7,"1 x 1,702 teu",
32,Busan-Shanghai-Ningbo Service (AK6),AK6,13,China,2,COSCO (Coheung),"Busan,Ningbo,Shanghai,Busan",7,7,"1 x 1,432 teu",
33,Busan-Xingang Service (AK3),AK3,14,China,2,COSCO (Coheung),"Busan,Xingang,Busan",7,7,"1 x 4,253 teu",
34,China Korea Shuttle (CKS1),CKS1,15,China,2,SITC,"Rizhao,Lianyungang,Qingdao,Tokyo,Yokohama,Tokyo,Busan,Lianyungang,Qingdao,Nagoya,Rizhao",7,14,2 x 959 teu,
35,China Shuttle 2/Busan Lianyungang Qingdao service (CNS2/BLQ),CNS2,16,China,2,KMTC,"Busan,Ulsan,Kwangyang,Lianyungang,Qingdao,Busan",7,7,"1 x 1,103 teu",
36,China-Korea Express 1 (CKX1),CKX1,17,China,2,Sinokor,"Busan,Ulsan,Kwangyang,Ningbo,Busan",7,7,"1 x 1,060 teu",
37,Japan-Hong Kong-Taiwan North (JHTN),JHTN,18,China,2,TSL,"Hong Kong,Shekou,Xiamen,Osaka,Kobe,Busan,Kwangyang,Keelung,Kaohsiung,Hong Kong",7,14,"2 x 1,081 teu",
38,Kansai/Kyushu Service (TKX3/TJS1/TKU2/TPX1),TCL,19,China,2,Taicang Container Lines,"Lianyungang,Dafeng,Nanjing,Taicang,Hakata,Moji,Osaka,Kobe,Hiroshima,Busan,Lianyungang,",7,14,2 x 823 teu,
39,Korea China Express 2 (KCE2) / Qingdao Pusan Express (QPX),KCE2/QPX,20,China,2,EAS International Shipping ,"Busan,Kwangyang,Qingdao,Lianyungang,Busan",7,7,"1 x 1,675 teu",
40,Korea China Japan (KCJ),KCJ,21,China,2,Dongjin Shipping,"Busan,Kwangyang,Ningbo,Shanghai,Hakata,Kitakyushu,Busan",7,7,"1 x 1,003 teu",
41,Korea-China (Xingang/Dalian) (DLC),TPX2,22,China,2,EAS International Shipping ,"Busan,Kwangyang,Xingang,Dalian,Busan",7,7,"1 x 1,141 teu",
42,Korea-China (Yantai/Xingang) (YNT),TPX1/YNT,23,China,2,EAS International Shipping ,"Busan,Kwangyang,Yantai,Xingang,Busan",7,7,"1 x 1,730 teu",
43,Korea-China service 1,,24,China,2,Sofast Shipping,"Busan,Kwangyang,Qingdao,Weihai,Busan",7,7,1 x 360 teu,
44,Korea-Qingdao Pusan (KQP),KQP,25,China,2,Pan Continental ,"Busan,Kwangyang,Yantai,Qingdao,Busan",7,7,"1 x 1,009 teu",
45,Korea-Qingdao service (KQS),KQS,26,China,2,Sinokor,"Busan,Ulsan,Kwangyang,Qingdao,Busan",7,7,"1 x 1,809 teu",
46,Korea-Qingdao service 2 (NBQ),NBQ,27,China,2,Pan Ocean,"Busan,Kwangyang,Qingdao,Gunsan,Busan",7,7,"1 x 1,015 teu",
47,Korea-Taiwan-Hong Kong service (KTH),KTH,28,China,2,KMTC / TSL,"Incheon,Busan,Kwangyang,Keelung,Taichung,Hong Kong,Kaohsiung,Taichung,Keelung,Kwangyang,Incheon",7,14,"2 x 1,573 teu",
48,Korea-Xingang service (KXS1),KXS1,29,China,2,Sinokor,"Busan,Ulsan,Kwangyang,Xingang,Busan",7,7,"1 x 1,809 teu",
49,Nanjing Korea Express (NKX),NKX,30,China,2,Sinokor,"Busan,Kwangyang,Nanjing,Zhangjiagang,Busan",7,7,"1 x 1,080 teu",
50,Nanjing/Zhanjiagang-Korea (KCN1),KCN1,31,China,2,Sinotrans,"Busan,Kwangyang,Nanjing,Zhangjiagang,Busan",7,7,1 x 907 teu,
51,Nanjing/Zhanjiagang-Korea (KCN2),KCN2,32,China,2,Sinotrans,"Nanjing,Zhangjiagang,Busan,Nanjing",7,7,1 x 907 teu,
52,Nanjing-Busan Service ,NTP,33,China,2,Wuhan Xingang Datong,"Nanjing,Taizhou,Busan,Nanjing",7,7,1 x 556 teu,
53,New Busan Shanghai (NBS),NBS,34,China,2,Pan Ocean,"Busan,Kwangyang,Ningbo,Shanghai,Busan",7,7,1 x 708 teu,
54,New China Service (NCS),NCS,35,China,2,CK Line,"Busan,Ulsan,Kwangyang,Shanghai,Ningbo,Busan",7,7,"1 x 1,050 teu",
55,New South China (NSC),NSC,36,China,2,Sinokor / Pan Ocean ,"Incheon,Daesan,Kwangyang,Busan,Huangpu,Nansha,Shekou,Shantou,Incheon",7,14,"2 x 1,069 teu",
56,New South China 2 (NSC2) / Korea Nansha Express (KNX),KNX/NSC,37,China,2,KMTC / Pan Ocean,"Incheon,Daesan,Kwangyang,Busan,Huangpu,Nansha,Shekou,Shantou,Incheon",7,14,"2 x 1,010 teu",
57,Ningbo-Zhapu-Busan service,,38,China,2,NBOSCO,"Ningbo,Zhapu,Busan,Ningbo",7,7,1 x 629 teu,
58,Pan-Asia Service (PAS),PAS,39,China,2,YM / TSL / IAL,"Moji,Hakata,Busan,Kwangyang,Keelung,Kaohsiung,Hong Kong,Shekou,Nansha,Ho Chi Minh City,Shekou,Xiamen,Moji",7,21,"3 x 2,805 teu",
59,Shanghai Pusan Express 1 (SPX1),SPX1,40,China,2,EAS International Shipping ,"Busan,Kwangyang,Ningbo,Shanghai,Busan",7,7,"1 x 1,728 teu",
60,Shanghai Pusan Express 2 (SPX2),SPX2,41,China,2,EAS International Shipping ,"Busan,Kwangyang,Xingang,Dalian,Busan",7,7,1 x 712 teu,
61,Bohai-Seto Service 2 (BSS2),BSS2,1,Japan,3,Sinokor,"Kwangyang,Busan,Hakata,Moji,Oita,Shibushi,Kochi,Hibiki,Kwangyang",7,7,1 x 694 teu,
62,Busan Japan Shuttle / Japan Shuttle 1 (BJS/JPS1),BJS/JPS1,2,Japan,3,Namsung Shipping,"Busan,Hakata,Kanazawa,Kushiro,Muroran,Tomakomai,Ishikari,Akita,Busan",7,14,"2 x 1,073 teu",
63,Busan Kanmon Service (BKS1),BKS1,3,Japan,3,Dongjin Shipping,"Busan,Hakata,Tokuyama,Moji,Hibiki,Busan,Moji,Tokuyama,Hakata,Busan",7,7,1 x 728 teu,
64,Busan Keihin (BKH),BKH,4,Japan,3,Namsung Shipping,"Busan,Tokyo,Yokohama,Nagoya,Oita,Busan",7,7,"1 x 1,003 teu",
65,Busan Keihin Service (KJP/JEK3),KJP,5,Japan,3,Pan Continental Shipping,"Ulsan,Busan,Shimizu,Tokyo,Toyohashi,Yokkaichi,Nagoya,Ulsan",7,7,"1 x 1,009 teu",
66,Busan Niigata Express (BNX),BNX,6,Japan,3,X-Press Feeders,"Busan,Niigata,Akita,Toyama,Busan",7,7,1 x 707 teu,
67,Busan Tomakomai X-Press (BTX),BTX,7,Japan,3,X-Press Feeders,"Busan,Tomakomai,Busan",7,7,"1 x 1,498 teu",
68,Busan-Japan 1 (BJ1),BJ1,8,Japan,3,Namsung Shipping,"Busan,Hiroshima,Iyomishima,Matsuyama,Imabari,Iyomishima,Mizushima,Hakata,Busan",7,7,"1 x 1,003 teu",
69,Busan-Setouchi 03 (SET03),SETO3,9,Japan,3,Heung-A,"Busan,Kochi,Tokushima,Fukuyama,Takamatsu,Iyomishima,Tokuyama Kudamatsu,Busan",7,7,1 x 628 teu,
70,Busan-Setouchi 04 (SET04),SETO4,10,Japan,3,Sinokor,"Busan,Shibushi,Nagasaki,Kumamoto,Satsumasendai,Yatsushiro,Imari ware,Busan",7,7,1 x 580 teu,
71,China Japan Service (CJS),CJS-E,11,Japan,3,Pan Ocean,"Kwangyang,Busan,Tokyo,Yokohama,Nagoya,Yokkaichi,Busan,Tokyo,Yokohama,Kwangyang",7,7,1 x 702 teu,
72,Imari-Shikoku Express (ISX),ISX,12,Japan,3,Heung-A,"Busan,Hiroshima,Imabari,Matsuyama,Mizushima,Fukuyama,Busan",7,7,1 x 706 teu,
73,Intra-Asia service 5 (IA5),IA5N,13,Japan,3,Sealand Asia,"Shanghai,Busan,Moji,Dalian,Qingdao,Yokohama,Nagoya,Kobe,Shanghai,Ningbo,Shekou,Tanjung Pelepas,Thilawa,Yangon,Tanjung Pelepas,Tawau,General Santos,Davao,Cagayan de Oro,Shanghai",7,49,"7 x 1,737 teu",
74,Islands Transversal Express (ITX),ITX,14,Japan,3,Ehime,"Kaohsiung,Naha,Yatsushiro,Busan,Matsuyama,Oita,Hososhima,Shibushi,Naha,Keelung,Taichung,Kaohsiung",7,14,"2 x 1,032 teu",
75,Japan 1 (JP1)/Japan 5 (JP5),JP1/JP5,15,Japan,3,Pan Continental Shipping,"Ulsan,Busan,Hiroshima,Osaka,Kobe,Takamatsu,Mizushima,Ulsan",7,7,1 x 728 teu,
76,Japan East Hanshin Service 1 (JEH1),JEH1,16,Japan,3,KMTC,"Busan,Ulsan,Osaka,Kobe,Takamatsu,Tokuyama Kudamatsu,Oita,Iwakuni,Busan",7,7,"1 x 1,000 teu",
77,Japan East Keihin Service 1 (JEK1),JEK1,17,Japan,3,KMTC,"Ulsan,Busan,Tokyo,Chiba,Yokohama,Ulsan",7,7,"1 x 1,043 teu",
78,Japan East Keihin Service 2 (JEK2),JEK2,18,Japan,3,KMTC,"Ulsan,Busan,Shimizu,Nagoya,Yokkaichi,Toyohashi,Ulsan",7,7,"1 x 1,096 teu",
79,Japan East Setouchi Service 1 (JES1),JES1,19,Japan,3,KMTC,"Busan,Hososhima,Tokushima,Imabari,Fukuyama,Mizushima,Busan",7,7,1 x 342 teu,
80,Japan East Setouchi Service 2 (JES2),JES2,20,Japan,3,KMTC,"Busan,Hiroshima,Iyomishima,Matsuyama,Busan",7,14,2 x 342 teu,
81,Japan Kikakyushi (JKK),JKK,21,Japan,3,KMTC,"Busan,Imari,Moji,Shibushi,Satsumasendai,Busan",7,14,2 x 342 teu,
82,Japan Korea Express 1 (JK1),JK1,22,Japan,3,ONE,"Busan,Shimizu,Tokyo,Nagoya,Busan",7,7,"1 x 1,091 teu",
83,Japan Korea Express 2 (JK2),JK2,23,Japan,3,ONE,"Busan,Moji,Kobe,Osaka,Hakata,Busan",7,7,"1 x 1,091 teu",
84,Japan Korea Service 2 (JKS2),JKS2,24,Japan,3,KMTC,"Busan,Sakaiminato,Kanazawa,Tsuruga,Maizuru,Imari ware,Busan",7,7,1 x 728 teu,
85,Japan South West Service 2 (JSW2),JSW2,25,Japan,3,Heung-A,"Busan,Niigata,Toyama,Kanazawa,Hamada,Busan,Okgye,Busan",7,14,2 x 694 teu,
86,Japan South West Service 1 (JSW1),JSW1,26,Japan,3,Sinokor,"Busan,Tsuruga,Kanazawa,Maizuru,Busan",7,7,1 x 698 teu,
87,Japan West Kyushu 1 (JWK1),JWK1,27,Japan,3,KMTC,"Busan,Nagasaki,Kumamoto,Yatsushiro,Satsumasendai,Busan",7,14,2 x 342 teu,
88,Japan-Korea Feeder 02 (KF02),KF02,28,Japan,3,Camellia Line,"Busan,Moji,Hiroshima,Busan,Moji,Nakanoseki,Tokuyama Kudamatsu,Hiroshima,Busan",7,7,1 x 556 teu,
89,KAGUYA,KAGUYA,29,Japan,3,MSC,"Busan,Kobe,Osaka,Hakata,Busan",7,7,"1 x 2,826 teu",
90,Keihin Express 1 (KHX1),KHX1,30,Japan,3,Heung-A,"Busan,Tokyo,Yokohama,Nagoya,Toyohashi,Ulsan,Busan",7,7,"1 x 1,003 teu",
91,Korea Bohai Express (KBX),KBX,31,Japan,3,Heung-A,"Busan,Ulsan,Kwangyang,Qingdao,Busan",7,7,"1 x 1,003 teu",
92,Korea Japan Hanshin Kehin (KJHK),KJHK,32,Japan,3,Panstar,"Busan,Kobe,Tokyo,Yokohama,Nagoya,Busan",7,7,1 x 345 teu,
93,Korea Japan Keihin (KJK),KJK,33,Japan,3,Dongjin Shipping,"Busan,Shimizu,Yokohama,Tokyo,Nagoya,Busan",7,7,1 x 953 teu,
94,Korea Japan Service (KJS)/Korea Japan Keihin (KJK) Loop 1 (westbound),KJK/KJS,34,Japan,3,CK Line / Taiyoung,"Incheon,Busan,Wakayama,Tokyo,Yokohama,Chiba,Busan",7,21,3 x 787 teu,
95,Korea Japan Service (KJS)/Korea Japan Keihin (KJK) Loop 2 (eastbound),KJK/KJS,35,Japan,3,CK Line / Taiyoung,"Incheon,Busan,Shimizu,Tokyo,Yokohama,Nagoya,Busan,Incheon",7,21,3 x 787 teu,
96,Korea-Japan Hanshin (KJH),KJH,36,Japan,3,CK Line,"Busan,Incheon,Busan,Kobe,Osaka,Mizushima,Busan",7,7,1 x 704 teu,
97,Korea-Japan Hanshin 2 (DHS/HS2),HS2,37,Japan,3,Dong Young / Pan Ocean,"Busan,Osaka,Kobe,Kwangyang,Busan,Osaka,Kobe,Busan",7,7,1 x 634 teu,
98,Korea-Japan Hanshin Service 2 (KJS2),KJS2,38,Japan,3,Heung-A,"Busan,Osaka,Kobe,Kwangyang,Busan,Osaka,Kobe,Busan",7,7,1 x 698 teu,
99,Korea-Japan Keihin Service 1 (KJS1),KJS1,39,Japan,3,Sinokor,"Busan,Yokohama,Tokyo,Nagoya,Kwangyang,Busan",7,7,"1 x 1,054 teu",
100,Masan-Shimonoseki Express (MSX),MSX,40,Japan,3,Sinokor,"Busan,Shimonoseki,Moji,Hakata,Busan",7,7,1 x 428 teu,
101,Nine Province Feeder service (NPF),NPF,41,Japan,3,CNC,"Busan,Shibushi,Oita,Moji,Hakata,Kwangyang,Busan",7,7,"1 x 1,032 teu",
102,PanStar Express Ferry,PTGE,42,Japan,3,Panstar Ferry,"Busan,Masan,Tsuraga,Kanazawa,Busan",7,7,1 x 264 teu,
103,Shikoku Express (SKX),SKX1,43,Japan,3,Sinokor,"Busan,Iyomishima,Takamatsu,Hiroshima,Iwakuni,Hososhima,Busan",7,7,1 x 724 teu,
104,Shikoku Express Service 2 (SKX2),SKX2,44,Japan,3,Sinokor,"Busan,Tokuyama Kudamatsu,Iyomishima,Imabari,Matsuyama,Mizushima,Iwakuni,Busan",7,7,1 x 698 teu,
105,Tohoku Hokkaido Service 2 (THS2),THS2,45,Japan,3,Heung-A,"Busan,Sendai,Hachinohe,Tomakomai,Ishikariwan,Maizuru,Sakaiminato,Busan,Shimizu,Kashima,Hitachinaka,Sendai,Hachinohe,Tomakomai,Sakata,Busan",7,7,"1 x 1,003 teu",
106,Tohoku Hokkaido Service 3 (THS3),THS3,46,Japan,3,Sinokor,"Busan,Tomakomai,Sendai,Busan",7,7,"1 x 1,054 teu",
107,Tohoku Hokkaido Service 4 (THS4),THS4,47,Japan,3,Sinokor,"Busan,Naoetsu,Akita,Niigata,Busan",7,7,1 x 706 teu,
108,Tohoku Hokkaido Service 5 (THS5),THS5,48,Japan,3,Heung-A,"Busan,Ishikari,Tomakomai,Akita,Busan",7,7,"1 x 1,003 teu",
109,Golden Horn Service,GHRN,1,Russia,4,MSC,"Busan,Vladivostok,Busan",7,7,"1 x 1,118 teu",
110,North China-Russia (STF-2),GBS,2,Russia,4,STF Shipping,"Rizhao,Ningbo,Busan,Vostochny,Rizhao",7,7,"1 x 1,100 teu",
111,Xingang/Dalian-Russia (STF-1),GBS,3,Russia,4,STF Shipping,"Dalian,Xingang,Busan,Vostochny,Dalian",7,7,"1 x 2,206 teu",
112,Japan Trans Siberian Line (JTSL),JRX,4,Russia,4,FESCO,"Vladivostok,Yokohama,Nagoya,Kobe,Busan,Toyama,Vladivostok",7,7,1 x 495 teu,
113,FESCO Korea Express-1 (FKXP-1 ),KRS,5,Russia,4,FESCO,"Busan,Vladivostok,Busan",7,28,"4 x 2,173 teu",
114,Japan-Korea-FE Russia service (Sunrise),SRISEA,6,Russia,4,MSC,"Busan,Vostochny,Busan",7,7,"1 x 1,550 teu",
115,Korea Russia Express (KRX),KRX,7,Russia,4,Dong Young ,"Busan,Vladivostok,Busan",7,14,2 x 761 teu,
116,Pusan-Vladivostok shuttle (PVS2),PVS2,8,Russia,4,Sinokor,"Busan,Vladivostok,Busan",7,14,"2 x 1,464 teu",
117,Busan Russia Express (BRX),BRX,9,Russia,4,CK Line,"Busan,Vladivostok,Busan",7,7,1 x 679 teu,
118,Busan Vladivostok Service (BVS),BVS,10,Russia,4,Transit,"Xiamen,Nansha,Busan,Vladivostok,Xiamen",7,21,"3 x 1,082 teu",
119,China-Russia Service (CRS),CRS,11,Russia,4,Vuxx Shipping,"Busan,Xingang,Rizhao,Ningbo,Shanghai,Vladivostok,Vostochny,Busan",7,14,"2 x 1,354 teu",
120,Haiphong-Busan Service 1 (HPS1) Northbound,HPS1,12,Russia,4,Sinokor / Heung-A ,"Busan,Ulsan,Kwangyang,Hong Kong,Haiphong,Hong Kong,Shekou,Xiamen,Busan,Vladivostok,Busan",7,21,"3 x 1,093 teu",
121,Panda Express Line 2,,13,Russia,4,Panda Express Line,"Xingang,Shanghai,Busan,Nakhodka,Rizhao,Ningbo,Busan,Nakhodka,Xingang",7,7,"1 x 1,395 teu",
122,Shanghai Russia Service (SRS),SRS,14,Russia,4,Sinokor,"Busan,Shanghai,Ningbo,Vladivostok,Busan",7,7,"1 x 1,577 teu",
123,Taicang-Vladivostok 1 (TV1),,15,Russia,4,Hua Xin,"Taicang,Ningbo,Qingdao,Busan,Vladivostok,Vostochny,Taicang",7,7,1 x 937 teu,
124,Asia New Express (ANX/ANE),ANX,1,SE Asia,5,Namsung Shipping,"Incheon,Busan,Ulsan,Shanghai,Ho Chi Minh City,Laem Chabang,Jakarta,Ho Chi Minh City,Hong Kong,Shekou,Incheon",7,28,"4 x 2,617 teu",
125,Asia Shuttle 14 (A14) /Bohai Shuttle 5 (BS5),A14,2,SE Asia,5,Maersk/Hapag-Lloyd,"Xingang,Tanjung Pelepas,Singapore,Xiamen,Busan,Xingang",7,28,"4 x 4,444 teu",
126,Asia Shuttle 5 (A05) / Korea Shuttle 1 (KS1),A05,3,SE Asia,5,Maersk/Hapag-Lloyd,"Kwangyang,Busan,Tanjung Pelepas,Singapore,Kwangyang",7,21,"3 x 4,578 teu",
127,Bohai Manila Express (BMX),BMX,4,SE Asia,5,CMA CGM,"Busan,Dalian,Xingang,Qingdao,Xiamen,Shantou,Shekou,Hong Kong,Nansha,Manila(N/S),Davao,Busan",7,35,"5 x 3,569 teu",
128,Busan Incheon Haiphong (BIH),BIH,5,SE Asia,5,Pan Continental Shipping,"Busan,Kwangyang,Incheon,Hong Kong,Haiphong,Hong Kong,Busan",7,14,"2 x 1,011 teu",
129,Busan-Thailand Saigon (BTS),BTS,6,SE Asia,5,Heung-A,"Pyongtaek,Kwangyang,Busan,Shanghai,Ho Chi Minh City,Laem Chabang,Bangkok,Laem Chabang,Ho Chi Minh City,Pyongtaek",7,21,"3 x 1,809 teu",
130,China Japan Vietnam 2 (CJV2),CJV2,7,SE Asia,5,SITC,"Shanghai,Osaka,Kobe,Yokkaichi,Nagoya,Busan,Shanghai,Haiphong,Shekou,Shanghai",7,21,"3 x 1,036 teu",
131,China Japan Vietnam 3 (CJV3),CJV3,8,SE Asia,5,SITC,"Shanghai,Tokyo,Kawasaki,Yokohama,Shimizu,Busan,Shanghai,Xiamen,Haiphong,Shanghai",7,21,"3 x 1,026 teu",
132,China Korea Malaysia service (KCM2),KCM2S,9,SE Asia,5,CNC,"Xingang,Busan,Qingdao,Shanghai,Shantou,Shekou,Port Klang,Penang,Port Klang,Singapore,Nansha,Shanghai,Qingdao,Xingang",7,35,"5 x 4,334 teu",
133,China Southeast Asia Service (CSE),CSE1,10,SE Asia,5,CNC,"Dalian,Incheon,Shanghai,Ningbo,Laem Chabang,Bangkok,Laem Chabang,Manila,Qui Nhon,Chu Lai,Busan,Dalian",7,35,"5 x 1,786 teu",
134,DOLPHIN service,DPHIN,11,SE Asia,5,MSC,"Busan,Qingdao,Dalian,Xingang,Kaohsiung,Shekou,Port Klang,Singapore,Semarang,Surabaya,Singapore,Haiphong,Busan",7,42,"6 x 2,932 teu",
135,Far East to Malaysia (FEM),FEM,12,SE Asia,5,Sinokor / Heung-A / SITC ,"Busan,Ulsan,Kwangyang,Shanghai,Port Klang Northport,Penang,Hong Kong,Shanghai,Busan",7,28,"4 x 2,416 teu",
136,Haiphong Express (HPX),HPX,13,SE Asia,5,CK Line,"Incheon,Busan,Haiphong,Qinzhou,Xiamen,Incheon",7,14,"2 x 1,005 teu",
137,Haiphong-Busan Service 1 (HPS1) Southbound,HPS1,14,SE Asia,5,Sinokor / Heung-A ,"Busan,Ulsan,Kwangyang,Hong Kong,Haiphong,Hong Kong,Shekou,Xiamen,Busan,Vladivostok,Busan",7,21,"3 x 1,093 teu",
138,Haiphong-Busan Service 2 (HPS2),HPS2,15,SE Asia,5,Sinokor / Heung-A ,"Incheon,Ulsan,Busan,Haiphong,Shekou,Incheon",7,14,"2 x 1,099 teu",
139,HP2 service,HP2,16,SE Asia,5,Sealand Asia,"Busan,Kwangyang,Shanghai,Xiamen,Kaohsiung,Hong Kong,Haiphong,Nansha,Hong Kong,Kaohsiung,Busan",7,21,"3 x 2,235 teu",
140,ICN (Intra Cross Network) - Southbound / Indonesia loop,ICN,17,SE Asia,5,HMM,"Busan,Shanghai,Ningbo,Ho Chi Minh City,Laem Chabang,Incheon,Busan,Jakarta,Surabaya,Busan",7,42,"6 x 1,932 teu",
141,ICN (Intra Cross Network) - Westbound / Vietnam/Thailand loop,ICN,18,SE Asia,5,HMM,"Busan,Shanghai,Ningbo,Ho Chi Minh City,Laem Chabang,Incheon,Busan,Jakarta,Surabaya,Busan",7,42,"6 x 1,932 teu",
142,Incheon-Haiphong Express 2 (IHP2),IHP2,19,SE Asia,5,Heung-A,"Busan,Incheon,Hong Kong,Haiphong,Hong Kong,Busan",7,14,"2 x 1,103 teu",
143,Intra-Asia service 88 (IA88),IA88S,20,SE Asia,5,Sealand Asia,"Laem Chabang,Bangkok,Laem Chabang,Haiphong,Hong Kong,Nansha,Yokohama,Nagoya,Osaka,Kobe,Moji,Hibiki,Busan,Hakata,Shanghai,Ningbo,Ho Chi Minh City,Laem Chabang",7,35,"5 x 2,171 teu",
144,Japan (Kansai)-Taiwan-Vietnam service (JSV),JSV,21,SE Asia,5,WH,"Danang,Ho Chi Minh City,Kaohsiung,Taipei,Hakata,Kobe,Osaka,Ulsan,Busan,Keelung,Kaohsiung,Danang",7,21,"3 x 2,038 teu",
145,Japan Thailand Vietnam South China South Korea Express (JTVSCSE),JTVS,22,SE Asia,5,CNC,"Tokyo,Yokohama,Nagoya,Kobe,Busan,Kwangyang,Kaohsiung,Chu Lai,Laem Chabang,Ho Chi Minh City,Tokyo",7,28,"4 x 1,827 teu",
146,Japan Vietnam Haiphong (JVH),JVH,23,SE Asia,5,ONE,"Tokyo,Shimizu,Nagoya,Kobe,Busan,Keelung,Kaohsiung,Haiphong,Kaohsiung,Hakata,Tokyo",7,21,"3 x 1,708 teu",
147,Japan-China-Vietnam-Thailand service (VTX1),VTX1,24,SE Asia,5,SITC,"Sakai Senboku,Osaka,Kobe,Busan,Shanghai,Xiamen,Ho Chi Minh City,Sihanoukville,Laem Chabang,Xiamen,Shanghai,Sakai Senboku",7,28,"4 x 1,799 teu",
148,KMTC Heung-A Sinokor Thailand 1 (KHS1)/Korea-Hochiminh Service 1 (KHS 1),KHS1,25,SE Asia,5,Heung-A / Sinokor / KMTC ,"Busan,Ulsan,Kwangyang,Ho Chi Minh City,Laem Chabang,Bangkok,Laem Chabang,Ho Chi Minh City,Busan",7,21,"3 x 1,726 teu",
149,Korea China Indonesia (KCI),KCI,26,SE Asia,5,ONE/Namsung/TSL/SITC,"Busan,Qingdao,Shanghai,Ningbo,Jakarta,Surabaya,Shekou,Xiamen,Busan",7,28,"4 x 2,612 teu",
150,Korea China Malaysia 3 (KCM3) / Korea China Straits (KCS) /  West Malaysia (FEM2) / Korea-China-SE Asia Express (KCX),KCM3,27,SE Asia,5,KMTC / ONE / SITC / YM ,"Busan,Shanghai,Xiamen,Singapore,Port Klang Westport,Pasir Gudang,Laem Chabang,Shekou,Busan",7,28,"4 x 2,648 teu",
151,Korea Haiphong Express (KHX),KHX,28,SE Asia,5,SMLine / Dong Young ,"Incheon,Kwangyang,Busan,Haiphong,Xiamen,Incheon",7,14,"2 x 1,071 teu",
152,Korea Philippines Express (KPX) / Korea Manila Vietnam (KMV),KPX,29,SE Asia,5,KMTC / Namsung,"Incheon,Pyongtaek,Kwangyang,Pohang,Busan,Manila North,Ho Chi Minh City,Hong Kong,Shekou,Incheon",7,21,"3 x 1,734 teu",
153,Korea Shanghai Haiphong (KSH),KSH,30,SE Asia,5,KMTC / CK Line ,"Busan,Kwangyang,Shanghai,Haiphong,Shantou,Fuzhou,Busan",7,14,"2 x 1,000 teu",
154,Korea Shipping Thailand service (KST),KST,31,SE Asia,5,CK Line / Pan Ocean,"Incheon,Busan,Ho Chi Minh City,Laem Chabang,Bangkok,Laem Chabang,Ho Chi Minh City,Incheon",7,21,"3 x 1,810 teu",
155,Korea Taiwan Haiphong service (KTH),KTH,32,SE Asia,5,Evergreen,"Hakata,Kwangyang,Busan,Incheon,Qingdao,Taipei,Kaohsiung,Haiphong,Kaohsiung,Taipei,Hakata",7,21,"3 x 1,879 teu",
156,Korea Thailand Express (KTX),KVX1,33,SE Asia,5,KMTC / CKL / Pan Ocean,"Incheon,Busan,Shanghai,Ho Chi Minh City,Laem Chabang,Bangkok,Laem Chabang,Ho Chi Minh City,Incheon",7,21,"3 x 1,810 teu",
157,Korea Thailand Service (KTS / KTS1),KTS,34,SE Asia,5,KMTC / Sinokor ,"Busan,Ulsan,Hong Kong,Ho Chi Minh City,Laem Chabang,Bangkok,Laem Chabang,Hong Kong,Shekou,Keelung,Busan",7,21,"3 x 1,748 teu",
158,Korea Vietnam Thailand (KVT),KVT,35,SE Asia,5,KMTC / Namsung / Pan Continental ,"Kwangyang,Busan,Hong Kong,Ho Chi Minh City,Laem Chabang,Bangkok,Laem Chabang,Ho Chi Minh City,Kwangyang",7,21,"3 x 1,828 teu",
159,Korea-China-Indonesia service (CKI),CKI2,36,SE Asia,5,KMTC,"Busan,Kwangyang,Shanghai,Ningbo,Jakarta,Surabaya,Ho Chi Minh City,Shanghai,Busan",7,21,"3 x 1,824 teu",
160,Korea-China-Malaysia service (KCM),KCM,37,SE Asia,5,SITC/TSL,"Busan,Incheon,Qingdao,Shanghai,Hong Kong,Port Klang Westport,Pasir Gudang,Hong Kong,Shekou,Busan",7,21,"3 x 2,774 teu",
161,Korea-China-Malaysia service (KMSK),KMS3,38,SE Asia,5,KMTC,"Pohang,Ulsan,Kwangyang,Shanghai,Singapore,Port Klang Northport,Penang,Singapore,Hong Kong,Shanghai,Busan,Pohang",7,21,"3 x 2,623 teu",
162,Korea-Haiphong service (KHP),KHP,39,SE Asia,5,KMTC / Namsung,"Incheon,Busan,Ulsan,Haiphong,Shekou,Incheon",7,14,"2 x 1,693 teu",
163,Korea-HK-Thailand-HCMC / New Thailand Express (NTX),NTX,40,SE Asia,5,Sinokor / Dongjin / Namsung ,"Incheon,Pyongtaek,Kwangyang,Busan,Ho Chi Minh City,Laem Chabang,Bangkok,Laem Chabang,Ho Chi Minh City,Incheon",7,21,"3 x 1,809 teu",
164,Korea-Indonesia 1 (KI 1),KI1,41,SE Asia,5,KMTC / Sinokor / Heung-A ,"Kwangyang,Ulsan,Busan,Hong Kong,Singapore,Jakarta,Surabaya,Hong Kong,Kwangyang",7,28,"4 x 2,449 teu",
165,Korea-Vietnam Service (KVS),KVS,42,SE Asia,5,WH,"Incheon,Kwangyang,Busan,Ulsan,Taipei,Taichung,Xiamen,Ho Chi Minh City,Port Klang Westport,Port Klang Northport,Ho Chi Minh City,Kaohsiung,Taichung,Taipei,Incheon",7,21,"3 x 2,780 teu",
166,New Fareast Straits/Korea China Straits 2/Korea China Straits Service / Korea Malaysia Vietnam 2 (NFS/KC2/KCS/KMV2/KCM4),NFS,43,SE Asia,5,Namsung / ONE / PIL / TSL / KMTC ,"Busan,Incheon,Qingdao,Shanghai,Singapore,Port Klang Westport,Ho Chi Minh City,Shekou,Busan",7,28,"4 x 2,633 teu",
167,New Korea-Thailand (NKT),NKT,44,SE Asia,5,KMTC / CK Line / Namsung ,"Incheon,Kwangyang,Busan,Hong Kong,Shekou,Laem Chabang,Bangkok,Laem Chabang,Ho Chi Minh City,Incheon",7,21,"3 x 1,833 teu",
168,North East Asia-South East Asia Service B (NSB),NSB,45,SE Asia,5,Evergreen,"Kwangyang,Busan,Shanghai,Kaohsiung,Pasir Gudang,Port Klang Northport,Port Klang Westport,Tanjung Pelepas,Singapore,Manila North,Kaohsiung,Kwangyang",7,28,"4 x 3,110 teu",
169,PERTIWI Service,PERTWI,46,SE Asia,5,MSC,"Busan,Dalian,Xingang,Incheon,Qingdao,DaChan Bay,Cai Mep,Laem Chabang,Singapore,Panjang,Jakarta,Singapore,Tanjung Pelepas,Cai Mep,Busan",7,49,"7 x 3,846 teu",
170,Pusan China Indonesia (PCI),PCI,47,SE Asia,5,Sinokor / Heung-A,"Busan,Kwangyang,Shanghai,Jakarta,Surabaya,Ho Chi Minh City,Shanghai,Busan",7,28,"4 x 2,604 teu",
171,Pusan China Indonesia 2 (PCI2),PCI2,48,SE Asia,5,Sinokor,"Busan,Ulsan,Kwangyang,Shanghai,Jakarta,Ho Chi Minh City,Ningbo,Shanghai,Busan",7,28,"4 x 2,174 teu",
172,Pusan Manila Express (PMX),PMX,49,SE Asia,5,KMTC,"Busan,Manila South,Busan",7,14,"2 x 1,000 teu",
173,RCL Thailand Manila Service (RLM2) / China Thailand Philippines (CTP),CTP,50,SE Asia,5,ONE / RCL ,"Qingdao,Busan,Shanghai,Laem Chabang,Cai Mep,Manila,Subic Bay,Qingdao",7,28,"4 x 2,419 teu",
174,Vietnam Thailand Express (VTX),VTX,51,SE Asia,5,SMLine / Namsung / Pan Ocean ,"Kwangyang,Busan,Shanghai,Ho Chi Minh City,Bangkok,Laem Chabang,Ho Chi Minh City,Kwangyang",7,21,"3 x 1,794 teu",
175,Vietnam-Thailand service (VTS),VTS,52,SE Asia,5,KMTC / Sinokor / CK Line ,"Busan,Kwangyang,Hong Kong,Ho Chi Minh City,Laem Chabang,Bangkok,Laem Chabang,Hong Kong,Xiamen,Busan",7,21,"3 x 1,778 teu",
176,China Chennai Service (CCS) / Far East Madras Service 2 (FME2) / China-India Service 5 (CI5),CI5,1,ISC,6,BTL / KMTC / Interasia / WH ,"Chennai,Kattupalli,Port Klang Northport,Singapore,Pasir Gudang,Kaohsiung,Qingdao,Busan,Shanghai,Shekou,Singapore,Port Klang Westport,Port Klang Northport,Chennai",7,42,"6 x 3,621 teu",
177,China-India Express 3 (CIX3) ,CIX3,2,ISC,6,COSCO / OOCL / GSL,"Xingang,Dalian,Busan,Shanghai,Xiamen,Hong Kong,Shekou,Singapore,Colombo,Nhava Sheva,Pipavav,Port Klang,Singapore,Hong Kong,Xingang",7,35,"5 x 7,427 teu",
178,Far East India Express (FIX / AIS / KCIS),AIS,3,ISC,6,COSCO / KMTC / TSL,"Qingdao,Kwangyang,Busan,Ningbo,Shekou,Singapore,Port Klang,Nhava Sheva,Mundra,Karachi,Port Klang,Hong Kong,Qingdao",7,42,"6 x 4,964 teu",
179,Far East-Indian Subcontinent 3 (FI3)/North China-India West Coast X-Press (NWX),FI3W,4,ISC,6,Maersk / X-Press,"Qingdao,Xingang,Busan,Tanjung Pelepas,Port Klang,Nhava Sheva,Pipavav,Karachi,Mundra,Port Klang,Singapore,Qingdao",7,49,"7 x 6,881 teu",
180,India East Coast Express (IEX) / Far East-Chennai Service (FCS) / Far East Madras Express (FME) / RCL Far East-Madras 3 (RFM3) / Far East-Chennai Express (IFX),ACE,5,ISC,6,CMA CGM / COSCO / KMTC / RCL / Unifeeder,"Busan,Qingdao,Shanghai,Shekou,Singapore,Port Klang Westport,Chennai,Visakhapatnam,Port Klang Westport,Singapore,Busan",7,35,"5 x 5,782 teu",
181,Sinokor India Service 2 (SIS 2) / China Sub Continent (CSC) / Asia Indian Subcontinent 2 (AIS2),SIS2,6,ISC,6,Global Feeder Shipping,"Busan,Kwangyang,Shanghai,Ningbo,Shekou,Port Klang Westport,Nhava Sheva,Mundra,Karachi,Port Klang Westport,Busan",7,35,"5 x 4,894 teu",
182,Pacific South 3 (PS3),PS3W,7,ISC,6,ONE/YML,"Nhava Sheva,Pipavav,Colombo,Port Klang,Singapore,Cai Mep,Haiphong,Yantian,Los Angeles,Oakland,Tokyo,Busan,Shanghai,Ningbo,Shekou,Singapore,Port Klang,Nhava Sheva",7,84,"12 x 7,871 teu",
183,Far East-India-Med (FIM) service,FIM,8,ISC,6,HMM,"Busan,Shanghai,Ningbo,Shekou,Singapore,Nhava Sheva,Karachi,Mundra,Algeciras,Valencia,Barcelona,Genoa,Piraeus,Algeciras,Karachi,Mundra,Nhava Sheva,Kattupalli,Singapore,Dachan Bay,Busan",7,70,"10 x 9,379 teu",
184,Far East-India-Med (FIM) service,FIM,9,ISC,6,HMM,"Busan,Shanghai,Ningbo,Shekou,Singapore,Nhava Sheva,Karachi,Mundra,Algeciras,Valencia,Barcelona,Genoa,Piraeus,Algeciras,Karachi,Mundra,Nhava Sheva,Kattupalli,Singapore,Dachan Bay,Busan",7,70,"10 x 9,379 teu",
185,Asia Gulf Express (AGX) / Far East-Middle East 1 (FM1),FM1,1,ME,7,Hapag-Lloyd/Maersk,"Xingang,Qingdao,Busan,Ningbo,Shanghai,Tanjung Pelepas,Jebel Ali,Singapore,Xingang",7,56,"8 x 8,789 teu",
186,Asia Gulf Express 1 (AG1) / Korea-Middle East Express (KME),AG1,2,ME,7,HMM,"Xingang,Qingdao,Busan,Shanghai,Ningbo,Kaohsiung,Shekou,Singapore,Jebel Ali,Dammam,Umm Qasr,Jubail,Hamad,Abu Dhabi,Jebel Ali,Sohar,Port Klang,Singapore,Hong Kong,Xingang",7,56,"8 x 15,665 teu",
187,Gulf Asia Liner Express (Galex / GLX / AIM),GLX,3,ME,7,Emirates Shipping Line,"Busan,Qingdao,Xiamen,Dachan Bay,Port Klang,Jebel Ali,Dammam,Khalifa bin Salman,Busan",7,49,"7 x 6,781 teu",
188,Asia-Med Service 2 (MED2) (Med Club Express(MEX) / AEM2 / WM2 / MEX1),MX1OA,1,FE-MED,8,CMA CGM,"Qingdao,Busan,Shanghai,Ningbo,Xiamen,Nansha,Shekou,Singapore,Valencia,Barcelona,Fos,Marsaxlokk,Port Klang,Qingdao",7,77,"11 x 15,277 teu",
189,Asia-Med Service 5 (MED5) (Phoenixian Express(PHOEX) / AEM6 / AAS / BEX2),PHXOA,2,FE-MED,8,CMA CGM,"Shanghai,Ningbo,Busan,Shekou,Singapore,(Suez Canal),Alexandria,Beirut,Tripoli,Koper,Trieste,Rijeka,Alexandria,(Suez Canal),Jeddah,Port Klang,Shekou,Shanghai",7,70,"10 x 13,566 teu",
190,Dragon (Premier Alliance : MD4),DRAGON,3,FE-MED,8,MSC,"Busan,Shanghai,Nansha,Yantian,Singapore,Marsaxlokk,,Genoa,La Spezia,Fos,Malaga,Abidjan,Lome,Nhava Sheva,Mundra,Vizhinjam,Busan",7,42,"16 x 14,904 teu",
191,Jade (Premier Alliance : MD5 eastbound only),JADE,4,FE-MED,8,MSC,"Qingdao,Busan,Ningbo,Shanghai,Yantian,Singapore,Vizhinjam,Sines,Valencia,Barcelona,Gioia Tauro,Singapore,Shanghai,Qingdao",7,112,"16 x 23,411 teu",
192,Mediterranean Pacific South 2 (MS2) (MSC : Lynx),MS2,5,FE-MED,8,ONE / YML,"Busan,Shanghai,Ningbo,Kaohsiung,Shekou,Singapore,Tangier,Valencia,Barcelona,Genoa,Fos,Singapore,Laem Chabang,Cai Mep,Shanghai,Long Beach/Los Angeles,Oakland,Busan",7,105,"15 x 14,940 teu",
193,Tiger (Premier Alliance : MD3),TIGER,6,FE-MED,8,MSC,"Xingang,Dalian,Busan,Ningbo,Shanghai,Singapore,Yarimca,Ambarli,Tekirdag,Piraeus,Singapore,Xiamen,Xingang",7,119,"17 x 19,101 teu",
194,ZIM Med Premium?(ZMP),ZMPW,7,FE-MED,8,Zim,"Busan,Qingdao,Shanghai,Ningbo,Dachan Bay,Cai Mep,Valencia,Haifa,Ashdod,Mersin,Derince,Ambarli,Dachan Bay,Xiamen,Busan",7,84,"12 x 8,708 teu",
195,Far East-Europe 3 (FE3) (MSC : Condor),FE3,1,FE-N.Eur,9,HMM/ONE,"Qingdao,Busan,Shanghai,Xiamen,Singapore,Algeciras,Rotterdam,Hamburg,Southampton,Singapore,Yantian,Qingdao",7,126,"18 x 21,780 teu",
196,Swan (Premier Alliance : FE6),SWAN,2,FE-N.Eur,9,MSC,"Ningbo,Shanghai,Xiamen,Yantian,Singapore,Le Havre,Rotterdam,Gothenburg,Aarhus,Hamburg,Antwerp,Port Klang,Singapore,Laem Chabang,Cai Mep,Busan,Long Beach,Oakland,Yokohama,Ningbo",7,91,"13 x 16,187 teu",
197,Chesapeake Bay Express (CBX) / AWE7 / ECC3,CBX,1,FE-ECNA,10,OMA CGM,"Port Klang,Haiphong,Yantian,Ningbo,Shanghai,Busan,Yokohama,Norfolk,Savannah,Charleston,Miami,Port Klang",7,42,"6 x 8,078 teu",
198,East Coast 4 (EC4) / Asia-US Gulf (AUG),EC4E,2,FE-ECNA,10,ONE/YML/Evergreen,"Kaohsiung,Hong Kong,Yantian,Ningbo,Shanghai,Busan,Houston,Mobile,Balboa,Kaohsiung",7,70,"10 x 7,060 teu",
199,EC1,EC1E,3,FE-ECNA,10,HMM/ONE,"Kaohsiung,Yantian,Shanghai,Ningbo,Busan,New York,Norfolk,Savannah,Balboa,Kaohsiung",7,91,"13 x 9,868 teu",
200,EC2,EC2E/EC2W,4,FE-ECNA,10,HMM/ONE,"Busan,Xiamen,Yantian,Ningbo,Shanghai,Busan,Manzanillo (PAN),Savannah,Charleston,Jacksonville,Manzanillo (PAN),Busan",7,84,"12 x 12,919 teu",
201,Empire / Zim North Star (ZNS),EMPIRE E/EMPIRE W,5,FE-ECNA,10,MSC,"Busan,Qingdao,Shanghai,Ningbo,Busan,New York,Norfolk,Baltimore,Busan",7,84,"12 x 7,825 teu",
202,Lone Star Express / Zim South Lotus (ZSL),LONEST,6,FE-ECNA,10,MSC,"Cai Mep,Yantian,Ningbo,Shanghai,Busan,Mobile,Houston,Tampa,Miami,Freeport (Bah),Singapore,Cai Mep",7,105,"15 x 7,934 teu",
203,US2/TP12,GUSEC2E,7,FE-ECNA,10,Hapag-Lloyd,"Ningbo,Shanghai,Busan,Cartagena (Col),New York,Norfolk,Cartagena (Col),Los Angeles,Ningbo",7,91,"13 x 9,992 teu",
204,US3/TP15,GUSEC3,8,FE-ECNA,10,Maersk,"Shanghai,Ningbo,Yantian,Busan,Lazaro Cardenas,Houston,Mobile,Cartagena (Col),Balboa,Shanghai",7,91,"13 x 8,519 teu",
205,USEC1 (Manhattan Bridge (MANB) / AWE2 / ECX2 / NUE2),AWE2,9,FE-ECNA,10,COSCO Shipping,"Qingdao,Ningbo,Shanghai,Busan,Panama Canal,New York,Norfolk,Savannah,Panama Canal,Xingang,Qingdao",7,56,"8 x 13,623 teu",
206,USEC4 (Vespucci / AWE1 / ECC2 / NUE),NUE,10,FE-ECNA,10,Evergreen,"Qingdao,Shanghai,Ningbo,Busan,Panama Canal,Colon,Savannah,Charleston,Boston (US),New York,Colon (Coco Solo),Panama Canal,Qingdao",7,84,"12 x 12,663 teu",
207,USEC6 (Pacific Express 3(PEX3) / GME2 / GCC1),PE3OA,11,FE-ECNA,10,CMA CGM,"Singapore,Cai Mep,Shekou,Ningbo,Shanghai,Busan,Panama Canal,Houston,Mobile,New Orleans,Suez Canal,Singapore",7,84,"12 x 9,280 teu",
208,Zim Container Service Pacific (ZCP) / Amberjack,ZCP,12,FE-ECNA,10,Zim,"Nansha,Yantian,Xiamen,Ningbo,Shanghai,Busan,Manzanillo (Pan),Kingston,Savannah,Charleston,Wilmington,Kingston,Nansha",7,98,"14 x 14,268 teu",
209,America West Coast (AWC),AWCE/AWCW,1,FE-WCNA,11,SeaLead / TSL / KMTC,"Ningbo,Shanghai,Busan,Long Beach,Busan,Qingdao,Ningbo",7,42,"6 x 5,374 teu",
210,China Pacific Express (CPX),CPXE/CPXW,2,FE-WCNA,11,SM Line,"Qingdao,Shanghai,Ningbo,Busan,Long Beach,Portland(OR),Busan,Kwangyang,Qingdao",7,42,"6 x 6,655 teu",
211,Chinook-Clanga,CHNCLE,3,FE-WCNA,11,MSC,"Cai Mep,Haiphong,Yantian,Ningbo,Shanghai,Qingdao,Busan,Seattle,Vancouver,Prince Rupert,Qingdao,Shanghai,Ningbo,Nansha,Singapore,Nhava Sheva,Dammam,Hamad,Cai Mep",7,63,"9 x 11,641 teu",
212,Eagle Express 1 (EX1),EX1E/EX1W,4,FE-WCNA,11,APL,"Qingdao,Shanghai,Busan,Los Angeles,Oakland,Yokohama,Naha,Busan,Qingdao",7,49,"7 x 5,598 teu",
213,Eagle Express X (EXX),EXX,5,FE-WCNA,11,CMA CGM,"Ningbo,Shanghai,Los Angeles,Oakland,Honolulu/Dutch Harbor,Busan/Kwangyang,Ningbo",7,42,"6 x 5,095 teu",
214,Mediterranean Pacific South 2 (MS2),MS2,6,FE-WCNA,11,ONE / YML,"Busan,Shanghai,Ningbo,Kaohsiung,Shekou,Singapore,Tangier,Valencia,Barcelona,Genoa,Fos,Singapore,Laem Chabang,Cai Mep,Shanghai,Long Beach/Los Angeles,Oakland,Busan",7,77,"11 x 14,746 teu",
215,N Asia-West Coast North America 1 - Japan (PNW1J),PNW,7,FE-WCNA,11,Westwood Shipping,"Pyoengtaek,Busan,Osaka,Nagoya,Tokyo,Everett,Seattle,Fraser Port,Vancouver (BC),Shimizu,Yokohama,Tokyo,Pyongtaek",7,28,"4 x 2,048 teu",
216,N Asia-West Coast North America 2 (PNW2),PNW,8,FE-WCNA,11,Westwood Shipping,"Busan,Hakata,Osaka,Nagoya,Shimizu,Tokyo,Everett,Seattle,Fraser Port,Busan",7,21,"3 x 2,293 teu",
217,Orient,ORIENT E,9,FE-WCNA,11,MSC,"Busan,Qingdao,Ningbo,Shanghai,Long Beach,Oakland,Busan",7,49,"7 x 9,520 teu",
218,Pacific North 3 (PN3),PN3E/PN3W,10,FE-WCNA,11,HMM / YM,"Qingdao,Ningbo,Shanghai,Busan,Vancouver (BC),Tacoma,Busan,Qingdao",7,49,"7 x 5,863 teu",
219,Pacific South 6 (PS6),PS6E/PS6W,11,FE-WCNA,11,HMM,"Busan,Kwangyang,Incheon,Shanghai,Ningbo,Kwangyang,Busan,Los Angeles,Oakland,Busan",7,56,"8 x 13,521 teu",
220,PNW Service (PNS),PNSE/PNSW,12,FE-WCNA,11,SM Line,"Yantian,Ningbo,Shanghai,Busan,Seattle,Vancouver (BC),Busan,Yantian",7,42,"6 x 4,283 teu",
221,PNW1 - Columbus PNW (CPNW/MPNW/PNW2),COBOA,13,FE-WCNA,11,CMA CGM,"Yantian,Xiamen,Ningbo,Shanghai,Busan,Seattle,Vancouver (BC),Kwangyang,Yantian",7,49,"7 x 9,777 teu",
222,PSW5 - Hangzhou Bay Bridge / China Pacific Southwest (PSW5 / HBB / AAC2 / CPS / PCN3),CPS,14,FE-WCNA,11,Evergreen,"Qingdao,Shanghai,Ningbo,Los Angeles,Oakland,Busan,Qingdao",7,49,"7 x 10,570 teu",
223,PSW9 - Hibicus Express / Pacific China Central 1 (PSW9 / HIX / AAC4 / PCC1),PCC1E/PCC1W,15,FE-WCNA,11,OOCL,"Ningbo,Shanghai,Busan,Long Beach,Busan,Ningbo",7,42,"6 x 13,297 teu",
224,WC2/TP8,GUSWC2E,16,FE-WCNA,11,Maersk,"Qingdao,Busan,Shanghai,Los Angeles,Oakland,Qingdao",7,56,"8 x 10,792 teu",
225,WC3/TP1,GUSWC3E,17,FE-WCNA,11,Maersk,"Yantian,Shanghai,Busan,Yokohama,Prince Rupert,Vancouver (BC),Yantian",7,49,"7 x 8,386 teu",
226,WC4/TP5,GUSWC4E,18,FE-WCNA,11,Hapag-Lloyd/Maersk,"Yokohama,Ningbo,Shanghai,Busan,Tacoma,Vancouver (BC),Yokohama",7,49,"7 x 8,606 teu",
227,WC5/TP7,GUSWC5E,19,FE-WCNA,11,Hapag-Lloyd/Maersk,"Yokohama,Busan,Ningbo,Los Angeles,Yokohama",7,42,"6 x 7,182 teu",
228,WC6/TP6,GUSWC6E,20,FE-WCNA,11,Hapag-Lloyd/Maersk,"Xiamen,Busan,Long Beach,Xiamen",7,42,"6 x 4,562 teu",
229,ZIM : ZIM Central China Xpress (ZX2),ZX2,21,FE-WCNA,11,Zim,"Shanghai,Ningbo,Los Angeles,Busan,Shanghai",7,35,"5 x 5,173 teu",
230,Asia Hawaii Express (AHX),AHX,22,FE-WCNA,11,ONE,"Busan,Yokohama,Honolulu,Busan",7,21,"3 x 1,034 teu",
231,CARIOCA service,CRIOCA,1,FE-ECSA,12,MSC,"Qingdao,Busan,Ningbo,Shanghai,Shekou,Singapore,Colombo,Rio de Janeiro,Santos,Paranagua,Itajai,Buenos Aires,Rio Grande,Imbituba,Itajai,Santos,Walvis Bay,Colombo,Singapore,Qingdao",7,56,"8 x 9,304 teu",
232,Far East - India - Latin America (FIL),FIL,2,FE-ECSA,12,HMM,"Busan,Shanghai,Ningbo,Shekou,Singapore,Kattupalli,Santos,Rio Grande,Paranagua,Navegantes,Singapore,Hong Kong,Busan",7,63,"9 x 7,086 teu",
233,Far East-Latin America 2/East Coast South America Express 2  (FL2/SX2),SX2,3,FE-ECSA,12,ONE / HMM,"Shekou,Singapore,Rio Grande,Itapoa,Santos,Singapore,Hong Kong,Busan,Shekou",7,91,"13 x 4,858 teu",
234,Asia Central South America 1 (ACSA1),ACSAE/ACSAW,1,FE-WCSA,13,CMA CGM,"Yokohama,Busan,Qingdao,Ningbo,Shanghai,San Antonio,Chancay,Callao,Posorja,Yokohama",7,70,"10 x 9,787 teu",
235,Asia Latin America Express 4 (AX4) / Far East-Latin America Express (FLX),AX4/FLX,2,FE-WCSA,13,ONE / HMM,"Ningbo,Shanghai,Busan,Lazaro Cardenas,Ningbo",7,28,"4 x 4,564 teu",
236,Asia-Mexico Mexico Express (AMX),AMX,3,FE-WCSA,13,ESL / KMTC / RCL / Sinokor / Sinotrans / SeaLead / TSL,"Shanghai,Qingdao,Busan,Manzanillo (Mexico),Shanghai",7,49,"7 x 3,305 teu",
237,Asia-Mexico West Coast Service (Mexicas),MEXICA,4,FE-WCSA,13,MSC,"Shekou,Ningbo,Shanghai,Qingdao,Busan,Lazaro Cardenias,Manzanillo,Shekou",7,56,"8 x 5,859 teu",
238,Asia-South America Loop 2 (Andes / AX2 / AN2 / NW2),ASPA2E/ASPA2W,5,FE-WCSA,13,MSC / ONE,"Shanghai,Xiamen,Shekou,Hong Kong,Ningbo,Busan,Manzanillo (Mexico),Lazaro Cardenas,Balboa,Buenaventura,Callao,San Antonio,Lirquen,Coronel,Callao,Manzanillo (Mexico),Lazaro Cardenas,Yokohama,Busan,Shanghai",7,91,"13 x 15,390 teu",
239,Asia-South America West Coast (AC2),AC2S,6,FE-WCSA,13,Maersk,"Shanghai,Qingdao,Busan,Yokohama,Manzanillo (Mexico),Lazaro Cardenas,Guayaquil,Balboa,Manzanillo (Mexico),Lazaro Cardenas,Shanghai",7,70,"10 x 13,020 teu",
240,Asia-South America West Coast (AC3),AC3E,7,FE-WCSA,13,Maersk,"Hong Kong,Shanghai,Ningbo,Kwangyang,Busan,Balboa,Buenaventura,Callao,Puerto Angamos,San Antonio,Hong Kong",7,77,"11 x 9,730 teu",
241,Asia-WCSA (WS6 / AS2 / SA8),WCSA/WS6,8,FE-WCSA,13,PIL / YM / WH,"Ningbo,Shanghai,Qingdao,Busan,Manzanillo (Mexico),Lazaro Cardenas,Puerto Quetzal,Buenaventura,Callao,Valparaiso,Ningbo",7,84,"12 x 6,576 teu",
242,Far East-WCSA Loop 1 (INCA / AX1 / AN1 / NW1),AN1,9,FE-WCSA,13,ONE / Hapag-Lloyd / HMM ,"Yantian,Hong Kong,Keelung,Shanghai,Ningbo,Busan,Manzanillo (Mexico),Lazaro Cardenas,Callao,Iquique,Puerto Angamos,Valparaiso,San Vicente,Yantian",7,91,"13 x 12,709 teu",
243,Far East-WCSA Loop 3 (Aztec / AX3 / AME1 / NW3),AN3E/AN3W,10,FE-WCSA,13,MSC / ONE / Hapag-Lloyd / HMM ,"Ningbo,Shanghai,Qingdao,Busan,Yokohama,Ensenada,Manzanillo (Mexico),Puerto Quetzal,Buenaventura,Callao,Guayaquil,Buenaventura,Balboa,Lazaro Cardenas,Manzanillo (Mexico),Ensenada,Yokohama,Busan,Ningbo",7,91,"13 x 10,343 teu",
244,Mexico Express service (M2X) / (WSA6) / (WSA5),M2XE/M2XW,11,FE-WCSA,13,CMA CGM,"Shekou,Ningbo,Shanghai,Xingang,Qingdao,Busan,Manzanillo (Mexico),Lazaro Cardenas,Busan,Shekou",7,70,"10 x 14,410 teu",
245,Pacific East Coast 2 (PEX2) / Caribbean WCSA (CAX1) / Transpacific Latin Caribbean 1 (TLC1) / Joint Caribbean Service (JCS),PEX2,12,FE-WCSA,13,CMA CGM,"Singapore,Shekou,Hong Kong,Ningbo,Shanghai,Qingdao,Busan,Manzanillo (Mexico),Balboa,Panama Canal,Manzanillo (Pan),Cartagena (Col),Kingston,Caucedo,Singapore",7,91,"13 x 10,184 teu",
246,Santana Service,SANTA,13,FE-WCSA,13,MSC,"Yantian,Ningbo,Shanghai,Qingdao,Busan,Cristobal,Caucedo,Suape,Salvador,Singapore,Yantian",7,91,"13 x 9,985 teu",
247,A3 Northern Express (A3N),A3N,1,ANZ,14,COSCO/ANL,"Yokohama,Osaka,Busan,Qingdao,Shanghai,Kaohsiung,Melbourne,Sydney,Brisbane,Yokohama",7,42,"6 x 7,007 teu",
248,Guam Saipan Express (GSX),GSX,2,ANZ,14,APL,"Busan,Hakata,Yokohama,Apra (GUAM),Saipan,Busan",7,14,"2 x 1,723 teu",
249,Japan-China-NZ service (NZJ / ANZL / JKN),ANZL,3,ANZ,14,COSCO / ONE / Maersk,"Tokyo,Kobe,Busan,Shanghai,Yantian,Hong Kong,Brisbane,Auckland,Lyttelton,Napier,Tauranga,Tokyo",7,49,"7 x 4,742 teu",
250,Kumul Service,BBAL,4,ANZ,14,BBC,"Busan,Chofu,Kobe,Lihir,Lae,Busan",7,7,1 x 336 teu,
251,North Asia Service (NAT),SWL,5,ANZ,14,Swire Shipping,"Kaohsiung,Changshu,Yokohama,Osaka,Busan,Lae,Motokea,Noumea,Auckland,Timaru,Tauranga,Marsden Point,Noumea,Prony Bay,Sri Racha,Kaohsiung",7,28,"4 x 2,135 teu",
252,North East Asia-Australia Express (NEAX / NAX / A1X / AUE),NEAX,6,ANZ,14,Hapag-Lloyd / Evergreen / HMM / ONE ,"Busan,Qingdao,Shanghai,Ningbo,Yantian,Sydney,Melbourne,Brisbane,Busan",7,49,"7 x 5,728 teu",
253,Pacific North Asia Service (Loop 1),SWL/BNMT,7,ANZ,14,Swire Shipping,"Kaohsiung,Xingang,Qingdao(alt calls),Busan,Yokohama,Port Vila,Noumea,Lautoka,Suva,Nuku'Alofa,Apia,Pago Pago,Santo(alt calls),Kaohsiung",7,28,"4 x 1,868 teu",
254,Pacific North Asia Service (Loop 3),SWL/BNMT,8,ANZ,14,Swire Shipping,"Busan,Majuro,Tarawa,Lae,Busan",7,7,"1 x 1,553 teu",
255,Panda/Zim Australia Express?(ZAX)?Service,PANDA,9,ANZ,14,MSC / Zim,"Busan,Qingdao,Shanghai,Ningbo,Nansha,Hong Kong,Yantian,Brisbane,Melbourne,Sydney,Brisbane,Busan",7,49,"7 x 6,727 teu",
256,PNG & Australia Service,,10,ANZ,14,Kyowa,"Busan,Moji,Kobe,Yokohama,Rabaul,Lae,Port Moresby,Townsville,Keelung,Busan",7,14,2 x 506 teu,
257,Saipan Guam & Micronesia Service,,11,ANZ,14,Kyowa,"Busan,Kobe,Yokohama,Saipan,Apra(Guam),Koror(alt calls),Yap(alt calls),Chuuk,Pohnpei,Kosrae,Majuro,Ebeye,Busan",7,21,3 x 693 teu,
258,South Pacific Islands / South Pacific Link / Pacific North Asia Service Loop 2,,12,ANZ,14,Swire Shipping,"Busan,Kobe,Nagoya,Yokohama,Honiara,Santo,Port Vila,Noumea,Lautoka,Suva,Nuku'Alofa,Apia,Pago Pago,Papeete,Tarawa,Busan",7,28,4 x 906 teu,
259,Africa Express,AFRICA,1,SAF/WAF,15,MSC,"Xingang,Busan,Kwangyang,Ningbo,Shanghai,Nansha,Shekou,Singapore,Tema,Lome,Abidjan,Pointe Noire,Singapore,Cai Mep,Qindao,Xingang",7,84,"12 x 22,538 teu",
